user_id,ad_account,status,last_login
U0001,allison.hill,ACTIVE,2025-12-03
U0002,angie.henderson,DISABLED,
U0003,cristian.santos,ACTIVE,2025-09-28
U0004,abigail.shaffer,ACTIVE,2026-02-09
U0005,gabrielle.davis,ACTIVE,2025-08-17
U0006,monica.herrera,ACTIVE,2025-11-01
U0007,shannon.ray,DISABLED,
U0008,dr..sharon.james,ACTIVE,2026-05-29
U0009,daniel.adams,ACTIVE,2026-02-25
U0010,joel.nelson,ACTIVE,2026-03-17
U0011,andrew.stewart,ACTIVE,2026-05-13
U0012,jennifer.rocha,ACTIVE,2025-11-27
U0013,kimberly.burgess,ACTIVE,2026-04-21
U0014,zachary.hicks,ACTIVE,2026-01-04
U0015,rebecca.henderson,ACTIVE,2026-04-28
U0016,tricia.valencia,ACTIVE,2026-01-06
U0017,patricia.peterson,ACTIVE,2026-04-16
U0018,deborah.mason,ACTIVE,2025-08-17
U0019,mark.lynch,ACTIVE,2025-12-15
U0020,linda.burns,ACTIVE,2025-12-17
U0021,david.bradley,ACTIVE,2026-02-09
U0022,kim.martinez,ACTIVE,2026-05-02
U0023,lisa.brandt,ACTIVE,2025-09-16
U0024,jessica.holmes,ACTIVE,2026-05-30
U0025,crystal.robinson,ACTIVE,2026-06-16
U0026,shannon.jones,DISABLED,
U0027,timothy.duncan,ACTIVE,2025-11-19
U0028,brent.jordan,ACTIVE,2026-04-30
U0029,victoria.garcia,ACTIVE,2026-04-18
U0030,connor.west,DISABLED,
U0031,angela.morton,ACTIVE,2025-08-02
U0032,tammy.allison,ACTIVE,2026-05-30
U0033,carmen.smith,ACTIVE,2025-08-27
U0034,michael.cross,ACTIVE,2025-11-27
U0035,lauren.daniels,ACTIVE,2025-08-19
U0036,kim.brown,DISABLED,
U0037,cynthia.wilson,ACTIVE,2025-10-20
U0038,kevin.mills,DISABLED,
U0039,michael.evans,ACTIVE,2025-11-23
U0040,kristine.garcia,ACTIVE,2025-08-18
U0041,sherry.wood,ACTIVE,2025-09-21
U0042,victoria.valdez,ACTIVE,2025-12-28
U0043,shawn.baker,ACTIVE,2026-06-10
U0044,michelle.harris,ACTIVE,2025-08-31
U0045,sandra.williams,ACTIVE,2026-03-08
U0046,michael.hoffman,ACTIVE,2026-01-04
U0047,sandra.aguilar,ACTIVE,2026-01-20
U0048,rebecca.valencia,ACTIVE,2026-04-21
U0049,stacey.russell,ACTIVE,2025-08-29
U0050,rita.keith,DISABLED,
U0051,sharon.cochran,ACTIVE,2026-04-10
U0052,courtney.velasquez,DISABLED,
U0053,matthew.ross,ACTIVE,2026-01-02
U0054,meghan.anthony,ACTIVE,2026-01-22
U0055,victoria.johnson,ACTIVE,2025-09-23
U0056,william.wilson,ACTIVE,2026-02-24
U0057,renee.mcdaniel,ACTIVE,2026-05-11
U0058,lisa.alvarado,ACTIVE,2026-03-22
U0059,erika.terry,ACTIVE,2026-06-10
U0060,stephanie.gilbert,ACTIVE,2026-05-16
U0061,richard.lawson,ACTIVE,2025-09-16
U0062,steven.flynn,ACTIVE,2026-03-31
U0063,frances.cardenas,ACTIVE,2025-09-13
U0064,angel.riggs,ACTIVE,2026-02-25
U0065,michael.snyder,ACTIVE,2025-11-14
U0066,colleen.brock,DISABLED,
U0067,robert.contreras,DISABLED,
U0068,jessica.meadows,ACTIVE,2025-08-30
U0069,paul.larsen,ACTIVE,2025-09-23
U0070,jeremiah.reeves,ACTIVE,2025-11-28
U0071,chris.reyes,ACTIVE,2026-02-05
U0072,john.brown,DISABLED,
U0073,alicia.gilmore,ACTIVE,2026-05-03
U0074,sarah.ashley,ACTIVE,2025-07-17
U0075,stephanie.freeman,ACTIVE,2025-12-20
U0076,rebecca.ramsey,ACTIVE,2025-06-24
U0077,james.elliott,ACTIVE,2026-02-23
U0078,david.murphy,DISABLED,
U0079,trevor.fisher,DISABLED,
U0080,mrs..marie.harrington.dds,ACTIVE,2025-08-28
U0081,cynthia.wells,ACTIVE,2025-09-27
U0082,jacob.obrien,ACTIVE,2026-01-02
U0083,alexander.collins,ACTIVE,2026-04-03
U0084,michael.burton,ACTIVE,2026-03-05
U0085,barbara.riggs,ACTIVE,2026-05-20
U0086,matthew.smith,ACTIVE,2026-02-28
U0087,madison.poole,ACTIVE,2026-01-15
U0088,robert.medina,ACTIVE,2026-06-05
U0089,samuel.rivas,ACTIVE,2026-02-26
U0090,mary.rogers,ACTIVE,2026-01-18
U0091,robert.peterson,DISABLED,
U0092,jason.peters,ACTIVE,2026-06-18
U0093,alan.phillips,ACTIVE,2026-02-02
U0094,kara.schmidt,ACTIVE,2026-02-25
U0095,jesse.parker,ACTIVE,2025-09-13
U0096,tiffany.vaughn,ACTIVE,2025-08-01
U0097,paige.carlson,ACTIVE,2026-04-05
U0098,adrian.ferguson,ACTIVE,2025-07-05
U0099,beth.oneill,ACTIVE,2025-10-10
U0100,john.peterson,ACTIVE,2025-11-16
U0101,jennifer.jones,ACTIVE,2025-07-06
U0102,david.grant,ACTIVE,2025-11-07
U0103,joseph.hayes,ACTIVE,2025-10-13
U0104,marc.lynch,ACTIVE,2026-03-22
U0105,brad.allen,ACTIVE,2025-11-14
U0106,doris.hall,ACTIVE,2025-09-14
U0107,dennis.moody,DISABLED,
U0108,derek.thomas,ACTIVE,2026-02-09
U0109,tammy.gonzales,ACTIVE,2026-04-05
U0110,kathryn.snyder,DISABLED,
U0111,david.davis,ACTIVE,2026-02-28
U0112,pamela.thompson,ACTIVE,2026-03-28
U0113,robert.costa,ACTIVE,2026-03-08
U0114,shannon.rivera,ACTIVE,2025-08-16
U0115,brandon.king,DISABLED,
U0116,april.booth,DISABLED,
U0117,peter.garrett,ACTIVE,2026-04-09
U0118,michael.martinez,ACTIVE,2025-08-17
U0119,anna.gay,DISABLED,
U0120,dr..jordan.hill.phd,ACTIVE,2025-11-04
U0121,thomas.romero,ACTIVE,2026-03-25
U0122,richard.adams,ACTIVE,2025-12-24
U0123,mary.grimes,ACTIVE,2026-03-24
U0124,kimberly.gibson,ACTIVE,2025-07-11
U0125,reginald.williams,ACTIVE,2026-01-31
U0126,matthew.hoover,ACTIVE,2026-03-26
U0127,evelyn.garcia,ACTIVE,2025-10-09
U0128,jennifer.pena,ACTIVE,2026-01-23
U0129,michael.santos,ACTIVE,2025-08-11
U0130,stacy.freeman,ACTIVE,2026-05-20
U0131,yolanda.francis,ACTIVE,2025-10-24
U0132,ashlee.jackson,ACTIVE,2025-11-19
U0133,james.thomas,ACTIVE,2025-07-06
U0134,bob.pitts,ACTIVE,2026-02-05
U0135,david.scott,DISABLED,
U0136,brooke.alexander,DISABLED,
U0137,ryan.gonzalez,ACTIVE,2025-11-01
U0138,ian.phillips,ACTIVE,2025-12-15
U0139,melissa.garner,ACTIVE,2025-08-03
U0140,crystal.pham,ACTIVE,2026-01-30
U0141,patricia.becker,ACTIVE,2025-08-19
U0142,richard.johnson,DISABLED,
U0143,casey.anderson,DISABLED,
U0144,terry.coffey,ACTIVE,2025-10-19
U0145,brenda.levy,ACTIVE,2025-10-05
U0146,richard.smith,ACTIVE,2026-04-17
U0147,james.little,ACTIVE,2026-06-07
U0148,terri.murphy,ACTIVE,2025-12-16
U0149,elizabeth.ortiz,ACTIVE,2026-06-18
U0150,david.medina,ACTIVE,2026-04-28
U0151,kimberly.matthews,ACTIVE,2026-05-09
U0152,teresa.ramirez,ACTIVE,2026-01-25
U0153,michael.stephens,ACTIVE,2025-09-12
U0154,samantha.davis,ACTIVE,2026-05-01
U0155,gavin.zhang,ACTIVE,2025-08-30
U0156,robin.hall,ACTIVE,2025-10-03
U0157,brianna.anderson,DISABLED,
U0158,richard.young,ACTIVE,2025-10-03
U0159,kelly.reese,ACTIVE,2025-07-20
U0160,jodi.walker,ACTIVE,2026-04-07
U0161,judith.maynard,DISABLED,
U0162,katherine.browning,DISABLED,
U0163,donald.schultz,ACTIVE,2025-12-16
U0164,larry.garcia,ACTIVE,2026-03-19
U0165,cindy.hayes,ACTIVE,2025-11-10
U0166,brandon.simmons,ACTIVE,2026-04-21
U0167,bradley.reynolds,ACTIVE,2026-03-22
U0168,kristina.santiago,ACTIVE,2025-09-14
U0169,michelle.schmitt,ACTIVE,2025-12-02
U0170,john.boone,ACTIVE,2026-06-15
U0171,renee.bruce,ACTIVE,2025-11-16
U0172,christopher.park,ACTIVE,2025-11-15
U0173,kylie.morales,ACTIVE,2026-04-09
U0174,cindy.barnes,DISABLED,
U0175,sophia.moore,ACTIVE,2025-11-03
U0176,lawrence.perry,ACTIVE,2026-03-10
U0177,michael.watkins,ACTIVE,2026-06-02
U0178,eric.clark,ACTIVE,2025-08-07
U0179,paul.thompson,ACTIVE,2025-08-28
U0180,mary.gomez,ACTIVE,2026-01-16
U0181,thomas.atkins,ACTIVE,2025-07-20
U0182,brian.smith,ACTIVE,2025-11-08
U0183,anita.richard,ACTIVE,2026-05-21
U0184,eric.morgan,ACTIVE,2025-08-23
U0185,jordan.bullock,DISABLED,
U0186,craig.morrison,ACTIVE,2026-06-14
U0187,justin.riley,ACTIVE,2025-08-26
U0188,jeremy.turner,ACTIVE,2025-10-25
U0189,jesse.brown,ACTIVE,2025-09-02
U0190,julie.spencer,ACTIVE,2026-06-19
U0191,larry.mason,ACTIVE,2025-12-01
U0192,mrs..maria.williams,ACTIVE,2025-10-24
U0193,helen.hardin,ACTIVE,2026-06-01
U0194,rachel.holland,ACTIVE,2026-01-07
U0195,nathaniel.douglas,DISABLED,
U0196,emily.douglas,ACTIVE,2026-02-25
U0197,james.conner,ACTIVE,2025-08-31
U0198,susan.davis.dds,DISABLED,
U0199,ralph.lee,ACTIVE,2026-04-11
U0200,kimberly.rodgers,ACTIVE,2026-05-09
U0201,james.martin,ACTIVE,2025-11-04
U0202,cynthia.wallace,ACTIVE,2026-05-07
U0203,vincent.mueller,DISABLED,
U0204,douglas.reyes,DISABLED,
U0205,david.davidson,ACTIVE,2026-01-18
U0206,phillip.nelson,ACTIVE,2025-12-29
U0207,stacey.arias,ACTIVE,2026-02-06
U0208,zachary.brooks,ACTIVE,2025-07-28
U0209,raven.taylor,ACTIVE,2026-05-10
U0210,luis.bullock,ACTIVE,2025-08-06
U0211,lisa.henderson,ACTIVE,2026-01-12
U0212,riley.bryant,ACTIVE,2026-03-10
U0213,jose.allen,ACTIVE,2025-11-09
U0214,jason.beck,ACTIVE,2026-06-10
U0215,rachel.romero,DISABLED,
U0216,james.burgess,DISABLED,
U0217,ashley.perkins,ACTIVE,2025-12-25
U0218,carrie.maxwell,ACTIVE,2026-02-07
U0219,chad.baldwin,ACTIVE,2026-02-24
U0220,stacey.stewart,DISABLED,
U0221,matthew.mitchell,DISABLED,
U0222,jessica.ross,ACTIVE,2025-12-04
U0223,kathleen.jimenez,DISABLED,
U0224,samantha.gardner,ACTIVE,2026-04-13
U0225,mitchell.jackson,ACTIVE,2025-06-21
U0226,heather.bolton,ACTIVE,2025-08-06
U0227,heidi.owen,ACTIVE,2026-02-09
U0228,jessica.martinez,ACTIVE,2026-05-11
U0229,amanda.hernandez,ACTIVE,2026-05-26
U0230,laura.moreno,DISABLED,
U0231,allison.lopez,ACTIVE,2026-06-12
U0232,michele.lewis,ACTIVE,2025-12-20
U0233,benjamin.thompson,ACTIVE,2025-07-22
U0234,victoria.contreras,ACTIVE,2026-03-20
U0235,michelle.ho,ACTIVE,2026-01-09
U0236,dr..cynthia.snyder,ACTIVE,2025-10-09
U0237,stephen.jones,ACTIVE,2026-01-25
U0238,patricia.morrow,DISABLED,
U0239,michael.cooper,ACTIVE,2025-10-06
U0240,amy.martinez,ACTIVE,2026-02-28
U0241,travis.stone,ACTIVE,2025-11-04
U0242,denise.weber,ACTIVE,2025-12-02
U0243,matthew.le,ACTIVE,2025-11-12
U0244,travis.wise,ACTIVE,2025-12-09
U0245,kathleen.burton,ACTIVE,2026-03-27
U0246,melinda.evans,ACTIVE,2026-04-11
U0247,mr..lawrence.edwards,DISABLED,
U0248,kayla.rodriguez,ACTIVE,2025-08-25
U0249,anthony.dougherty,ACTIVE,2026-04-05
U0250,michelle.lee,ACTIVE,2026-02-23
U0251,kathleen.davis,DISABLED,
U0252,amber.campbell,DISABLED,
U0253,stephen.luna,DISABLED,
U0254,chloe.tran,DISABLED,
U0255,william.becker,ACTIVE,2025-12-12
U0256,gina.mcmillan,ACTIVE,2026-06-04
U0257,andrew.reeves,ACTIVE,2025-07-14
U0258,brenda.velazquez,ACTIVE,2025-07-13
U0259,ronald.patel,ACTIVE,2025-08-09
U0260,veronica.silva,ACTIVE,2026-05-06
U0261,paula.lane,DISABLED,
U0262,patricia.james,ACTIVE,2026-02-10
U0263,jeremy.barnes,ACTIVE,2025-06-28
U0264,tami.salas,ACTIVE,2025-08-22
U0265,matthew.fox,ACTIVE,2025-09-08
U0266,megan.dillon,ACTIVE,2026-01-31
U0267,courtney.dudley,ACTIVE,2026-02-08
U0268,justin.michael,DISABLED,
U0269,jennifer.reed,ACTIVE,2025-06-20
U0270,thomas.douglas,ACTIVE,2026-01-25
U0271,melissa.taylor,ACTIVE,2025-10-01
U0272,david.garcia,ACTIVE,2026-06-07
U0273,vanessa.moore,DISABLED,
U0274,matthew.velez,ACTIVE,2025-08-26
U0275,taylor.gentry,ACTIVE,2026-05-18
U0276,jennifer.simpson.dvm,ACTIVE,2025-11-21
U0277,tanya.rogers,ACTIVE,2025-09-09
U0278,todd.rosales.md,ACTIVE,2025-11-07
U0279,david.lopez,ACTIVE,2025-08-06
U0280,margaret.sullivan,ACTIVE,2026-05-21
U0281,cathy.taylor,ACTIVE,2025-12-21
U0282,paul.finley,ACTIVE,2025-10-26
U0283,melissa.brown,ACTIVE,2025-08-01
U0284,stephanie.padilla,ACTIVE,2025-12-27
U0285,tyler.mendoza,ACTIVE,2026-05-26
U0286,joshua.ruiz,ACTIVE,2026-05-18
U0287,angela.griffin,DISABLED,
U0288,stephanie.harris,ACTIVE,2025-09-12
U0289,daniel.aguilar,ACTIVE,2025-07-16
U0290,jose.bryant,ACTIVE,2026-01-08
U0291,jennifer.velasquez,ACTIVE,2026-05-06
U0292,kimberly.brown,ACTIVE,2025-11-23
U0293,randy.cannon,ACTIVE,2026-06-13
U0294,susan.bennett,ACTIVE,2025-10-17
U0295,jenna.anderson.dvm,DISABLED,
U0296,kimberly.patel,ACTIVE,2026-01-25
U0297,shaun.cannon,ACTIVE,2026-05-21
U0298,austin.wheeler,ACTIVE,2025-08-05
U0299,andrew.gonzales,ACTIVE,2026-06-15
U0300,donna.cabrera,DISABLED,
U0301,victoria.boyd,ACTIVE,2025-08-07
U0302,sheryl.buck,ACTIVE,2025-06-20
U0303,megan.floyd,ACTIVE,2025-10-07
U0304,paul.wells,ACTIVE,2026-02-19
U0305,kristina.faulkner,ACTIVE,2025-07-29
U0306,tammy.boone,ACTIVE,2025-08-26
U0307,michael.morrison,ACTIVE,2026-04-19
U0308,claire.clark,ACTIVE,2025-10-13
U0309,autumn.key,ACTIVE,2026-03-12
U0310,jennifer.allen,ACTIVE,2026-06-03
U0311,elizabeth.ward,ACTIVE,2026-02-02
U0312,ryan.rocha,ACTIVE,2025-06-24
U0313,alexis.tran,ACTIVE,2025-06-24
U0314,kelly.sanchez,ACTIVE,2026-06-11
U0315,robert.jackson,ACTIVE,2025-12-12
U0316,kelly.combs,ACTIVE,2025-08-20
U0317,ryan.hall,ACTIVE,2026-01-22
U0318,mark.peck,DISABLED,
U0319,jennifer.smith,ACTIVE,2026-06-10
U0320,megan.drake,ACTIVE,2025-08-26
U0321,manuel.king,ACTIVE,2026-02-19
U0322,judy.sanchez,ACTIVE,2025-07-26
U0323,shannon.malone,ACTIVE,2025-10-15
U0324,adam.jackson,ACTIVE,2026-01-02
U0325,shannon.davis,ACTIVE,2025-08-04
U0326,karen.williams,ACTIVE,2025-08-11
U0327,amanda.mcfarland,ACTIVE,2025-08-11
U0328,michelle.sanders,ACTIVE,2025-11-27
U0329,jasmine.mosley,ACTIVE,2025-12-25
U0330,haley.davis,DISABLED,
U0331,jennifer.ayala,ACTIVE,2025-11-20
U0332,henry.pugh.md,ACTIVE,2025-08-29
U0333,michelle.miller,DISABLED,
U0334,emily.rodriguez,ACTIVE,2026-01-01
U0335,brandon.jordan,ACTIVE,2025-08-27
U0336,linda.mueller,ACTIVE,2026-05-14
U0337,misty.hansen,ACTIVE,2026-06-01
U0338,derrick.adams,ACTIVE,2025-09-01
U0339,richard.ward,ACTIVE,2025-07-25
U0340,brian.torres,ACTIVE,2026-03-18
U0341,erin.cook,ACTIVE,2026-04-04
U0342,ernest.oconnell,ACTIVE,2025-06-24
U0343,douglas.hartman,ACTIVE,2026-04-28
U0344,catherine.saunders.md,DISABLED,
U0345,sandra.jones,ACTIVE,2026-05-18
U0346,david.moore,ACTIVE,2025-09-12
U0347,karen.morales.dds,ACTIVE,2026-01-31
U0348,robin.wheeler,ACTIVE,2025-12-16
U0349,matthew.williams,DISABLED,
U0350,brett.walker,DISABLED,
U0351,kathryn.cooper,ACTIVE,2025-10-07
U0352,todd.thomas,DISABLED,
U0353,brent.bowen,ACTIVE,2026-05-07
U0354,ashley.sweeney,ACTIVE,2025-09-05
U0355,christopher.moore,ACTIVE,2026-01-16
U0356,charlotte.sandoval,ACTIVE,2026-05-01
U0357,jeffrey.smith,ACTIVE,2026-06-06
U0358,rebecca.herrera,ACTIVE,2026-02-01
U0359,katherine.church,ACTIVE,2025-10-09
U0360,harold.ellis,DISABLED,
U0361,leslie.powers,ACTIVE,2025-08-03
U0362,charles.price,ACTIVE,2025-08-10
U0363,melissa.brewer,ACTIVE,2025-08-30
U0364,ryan.harvey,ACTIVE,2025-08-22
U0365,tracey.wagner,ACTIVE,2026-04-17
U0366,jill.jackson,ACTIVE,2026-01-02
U0367,joshua.jackson,ACTIVE,2025-12-16
U0368,ashley.wilson,ACTIVE,2026-01-25
U0369,jeffery.fitzgerald,ACTIVE,2025-11-28
U0370,scott.miller,DISABLED,
U0371,heather.page,ACTIVE,2025-08-30
U0372,renee.hudson,ACTIVE,2025-10-24
U0373,kenneth.farley,ACTIVE,2025-11-08
U0374,wendy.camacho,DISABLED,
U0375,sandra.juarez,DISABLED,
U0376,jason.hayes,ACTIVE,2026-05-16
U0377,jackie.clements,DISABLED,
U0378,heather.brown,ACTIVE,2025-08-02
U0379,frank.campbell.md,ACTIVE,2025-10-25
U0380,pamela.williams,ACTIVE,2026-03-30
U0381,william.patterson,ACTIVE,2026-04-23
U0382,isaac.miller,ACTIVE,2026-04-23
U0383,cynthia.rios,ACTIVE,2026-04-27
U0384,kelly.wallace,ACTIVE,2025-11-12
U0385,karen.perez,ACTIVE,2026-06-08
U0386,edwin.reyes,ACTIVE,2025-07-03
U0387,alejandra.santos,ACTIVE,2026-05-23
U0388,tamara.jensen,ACTIVE,2025-11-21
U0389,bryce.blair,DISABLED,
U0390,bradley.tran,ACTIVE,2025-10-03
U0391,katrina.adkins,ACTIVE,2026-03-12
U0392,jonathan.wheeler,ACTIVE,2026-04-26
U0393,ryan.fisher,ACTIVE,2026-03-07
U0394,austin.baker,ACTIVE,2025-09-24
U0395,lori.mason,ACTIVE,2026-01-06
U0396,kimberly.hernandez,ACTIVE,2025-11-18
U0397,brittney.murphy,ACTIVE,2026-05-16
U0398,brandon.hamilton,ACTIVE,2025-07-17
U0399,mary.thompson,DISABLED,
U0400,gregory.holmes.phd,ACTIVE,2025-10-20
U0401,patricia.johnson,ACTIVE,2026-02-28
U0402,laura.jones,ACTIVE,2026-01-03
U0403,carol.moore,ACTIVE,2025-08-16
U0404,jordan.williams,ACTIVE,2025-10-21
U0405,cassidy.horne,ACTIVE,2026-03-02
U0406,courtney.wright,DISABLED,
U0407,michael.williams,ACTIVE,2026-05-12
U0408,john.campbell,ACTIVE,2026-04-20
U0409,eddie.mueller,ACTIVE,2025-07-26
U0410,dr..morgan.payne.phd,ACTIVE,2026-03-17
U0411,makayla.steele,ACTIVE,2025-06-26
U0412,oscar.parker,DISABLED,
U0413,valerie.thomas,ACTIVE,2025-12-21
U0414,jacqueline.villegas,ACTIVE,2025-11-29
U0415,angela.bradley,ACTIVE,2025-08-26
U0416,samuel.howe,ACTIVE,2026-01-04
U0417,dillon.jones,DISABLED,
U0418,christopher.owens,ACTIVE,2026-04-07
U0419,john.phelps,ACTIVE,2026-01-21
U0420,amanda.huff,ACTIVE,2025-12-24
U0421,megan.green,ACTIVE,2026-03-26
U0422,krista.davis,ACTIVE,2026-06-04
U0423,richard.walker,ACTIVE,2025-09-16
U0424,angela.willis,ACTIVE,2026-02-16
U0425,carl.stein,ACTIVE,2025-07-27
U0426,jessica.ramsey,ACTIVE,2025-06-28
U0427,daniel.lopez,ACTIVE,2026-04-16
U0428,danielle.phillips,ACTIVE,2025-07-24
U0429,james.barnes,ACTIVE,2025-06-27
U0430,rachael.howard.dds,ACTIVE,2025-11-01
U0431,devin.johnson,ACTIVE,2025-10-08
U0432,william.moreno,ACTIVE,2025-07-10
U0433,joseph.moody,DISABLED,
U0434,rebecca.kelly,ACTIVE,2025-07-20
U0435,suzanne.johnson,ACTIVE,2026-01-09
U0436,sara.cochran,ACTIVE,2026-03-06
U0437,anthony.guzman,ACTIVE,2025-11-13
U0438,carlos.love,DISABLED,
U0439,patricia.mathis,ACTIVE,2026-05-07
U0440,eric.taylor,DISABLED,
U0441,marie.thompson,ACTIVE,2026-06-19
U0442,michael.anderson,DISABLED,
U0443,patricia.bradley,ACTIVE,2026-03-03
U0444,keith.zuniga,ACTIVE,2026-01-18
U0445,mrs..stacey.davis,ACTIVE,2026-01-22
U0446,hayley.buchanan,ACTIVE,2026-06-14
U0447,stacey.snyder,ACTIVE,2026-01-11
U0448,rachel.lane,ACTIVE,2025-08-01
U0449,fernando.lynn,ACTIVE,2026-05-13
U0450,kimberly.villanueva,ACTIVE,2026-03-21
U0451,jessica.valdez,ACTIVE,2026-03-22
U0452,colton.terry,ACTIVE,2026-05-01
U0453,kenneth.larsen,ACTIVE,2025-09-06
U0454,matthew.greene,ACTIVE,2025-11-09
U0455,bradley.anthony,ACTIVE,2025-08-01
U0456,martin.hughes,ACTIVE,2025-11-25
U0457,jeremiah.baker,ACTIVE,2025-07-30
U0458,rhonda.gutierrez,DISABLED,
U0459,joseph.camacho,ACTIVE,2026-03-08
U0460,james.nash,ACTIVE,2025-10-02
U0461,lisa.martinez,ACTIVE,2025-09-07
U0462,beth.henderson,ACTIVE,2026-03-21
U0463,deanna.bartlett,DISABLED,
U0464,donald.ellis,ACTIVE,2025-12-04
U0465,ashley.hernandez,ACTIVE,2026-01-06
U0466,sharon.beard,ACTIVE,2026-04-16
U0467,kara.jackson,ACTIVE,2026-05-10
U0468,amanda.preston,ACTIVE,2026-05-18
U0469,alicia.roth,ACTIVE,2026-06-03
U0470,william.ramos,ACTIVE,2026-05-15
U0471,jeremy.mcintyre,ACTIVE,2025-07-23
U0472,samantha.robertson,ACTIVE,2025-11-25
U0473,samuel.suarez,ACTIVE,2026-06-12
U0474,danielle.bryant,ACTIVE,2026-01-29
U0475,madison.martinez,ACTIVE,2025-10-20
U0476,seth.matthews,ACTIVE,2025-07-19
U0477,anthony.nash,ACTIVE,2025-10-23
U0478,matthew.palmer,ACTIVE,2025-08-03
U0479,alejandra.king,ACTIVE,2026-01-28
U0480,judy.robinson,ACTIVE,2025-08-18
U0481,jorge.bates,DISABLED,
U0482,brian.brown,ACTIVE,2026-02-07
U0483,stephanie.evans,DISABLED,
U0484,rebekah.greene,ACTIVE,2026-04-29
U0485,jason.price,ACTIVE,2026-04-27
U0486,micheal.parks,ACTIVE,2025-07-18
U0487,sarah.pittman,ACTIVE,2025-11-25
U0488,robert.hines,DISABLED,
U0489,henry.garner,ACTIVE,2026-05-27
U0490,julie.wilson,DISABLED,
U0491,steve.mason,ACTIVE,2026-05-22
U0492,brittany.gay,ACTIVE,2025-09-17
U0493,mike.maxwell,ACTIVE,2025-08-20
U0494,abigail.hill,DISABLED,
U0495,jeffrey.jordan,ACTIVE,2025-06-26
U0496,curtis.watson,ACTIVE,2026-06-17
U0497,michael.sims,ACTIVE,2025-08-29
U0498,james.chapman,ACTIVE,2026-06-14
U0499,joseph.warren,ACTIVE,2025-06-25
U0500,katherine.christensen.md,ACTIVE,2025-09-11
